mu,sigma
0.914013475758879,0.0990978479449273
